475.mp4,FAKE
1.mp4,FAKE
476.mp4,REAL
477.mp4,FAKE
3.mp4,FAKE
acifjvzvpm.mp4,FAKE
478.mp4,FAKE
479.mp4,FAKE
480.mp4,FAKE
aczrgyricp.mp4,FAKE
5.mp4,FAKE
7.mp4,FAKE
8.mp4,FAKE
481.mp4,REAL
9.mp4,FAKE
482.mp4,FAKE
10.mp4,FAKE
afoovlsmtx.mp4,REAL
11.mp4,FAKE
12.mp4,FAKE
13.mp4,REAL
14.mp4,FAKE
15.mp4,FAKE
483.mp4,FAKE
484.mp4,REAL
485.mp4,FAKE
18.mp4,REAL
19.mp4,FAKE
486.mp4,FAKE
487.mp4,FAKE
20.mp4,FAKE
22.mp4,FAKE
23.mp4,FAKE
24.mp4,FAKE
25.mp4,FAKE
26.mp4,FAKE
27.mp4,FAKE
29.mp4,FAKE
alvgwypubw.mp4,FAKE
30.mp4,FAKE
amowujxmzc.mp4,FAKE
488.mp4,FAKE
31.mp4,FAKE
32.mp4,REAL
34.mp4,FAKE
apatcsqejh.mp4,FAKE
36.mp4,FAKE
489.mp4,FAKE
38.mp4,FAKE
39.mp4,FAKE
arlmiizoob.mp4,FAKE
490.mp4,FAKE
asaxgevnnp.mp4,REAL
40.mp4,FAKE
41.mp4,FAKE
42.mp4,FAKE
43.mp4,FAKE
atkdltyyen.mp4,REAL
44.mp4,REAL
491.mp4,FAKE
atyntldecu.mp4,FAKE
45.mp4,FAKE
492.mp4,FAKE
augtsuxpzc.mp4,FAKE
46.mp4,FAKE
47.mp4,FAKE
48.mp4,FAKE
49.mp4,REAL
493.mp4,FAKE
50.mp4,FAKE
51.mp4,FAKE
52.mp4,FAKE
53.mp4,FAKE
54.mp4,FAKE
494.mp4,FAKE
495.mp4,FAKE
55.mp4,FAKE
56.mp4,REAL
57.mp4,FAKE
58.mp4,FAKE
59.mp4,FAKE
60.mp4,REAL
61.mp4,REAL
63.mp4,FAKE
496.mp4,REAL
64.mp4,FAKE
azsmewqghg.mp4,FAKE
65.mp4,FAKE
bbhpvrmbse.mp4,FAKE
66.mp4,FAKE
497.mp4,FAKE
68.mp4,FAKE
69.mp4,FAKE
70.mp4,FAKE
71.mp4,REAL
72.mp4,FAKE
73.mp4,REAL
499.mp4,FAKE
500.mp4,REAL
bejhvclboh.mp4,REAL
75.mp4,FAKE
76.mp4,REAL
501.mp4,REAL
78.mp4,FAKE
79.mp4,FAKE
80.mp4,FAKE
81.mp4,FAKE
82.mp4,FAKE
83.mp4,REAL
bgwmmujlmc.mp4,REAL
84.mp4,FAKE
85.mp4,FAKE
86.mp4,FAKE
87.mp4,FAKE
88.mp4,REAL
89.mp4,FAKE
bjkmjilrxp.mp4,FAKE
90.mp4,FAKE
92.mp4,FAKE
95.mp4,FAKE
96.mp4,FAKE
98.mp4,FAKE
99.mp4,FAKE
100.mp4,FAKE
101.mp4,FAKE
505.mp4,FAKE
102.mp4,FAKE
506.mp4,FAKE
103.mp4,REAL
104.mp4,FAKE
bndybcqhfr.mp4,FAKE
105.mp4,FAKE
507.mp4,FAKE
106.mp4,FAKE
510.mp4,FAKE
107.mp4,FAKE
108.mp4,FAKE
109.mp4,REAL
110.mp4,FAKE
111.mp4,FAKE
112.mp4,FAKE
113.mp4,FAKE
114.mp4,FAKE
115.mp4,FAKE
116.mp4,FAKE
117.mp4,FAKE
511.mp4,FAKE
118.mp4,FAKE
119.mp4,FAKE
120.mp4,REAL
121.mp4,FAKE
122.mp4,FAKE
bsqgziaylx.mp4,FAKE
123.mp4,FAKE
124.mp4,FAKE
125.mp4,FAKE
513.mp4,FAKE
126.mp4,FAKE
127.mp4,FAKE
128.mp4,FAKE
514.mp4,FAKE
129.mp4,REAL
515.mp4,FAKE
516.mp4,FAKE
132.mp4,FAKE
bwhlgysghg.mp4,REAL
133.mp4,REAL
134.mp4,FAKE
135.mp4,REAL
517.mp4,FAKE
136.mp4,FAKE
137.mp4,FAKE
138.mp4,FAKE
139.mp4,FAKE
140.mp4,FAKE
518.mp4,FAKE
519.mp4,FAKE
141.mp4,REAL
142.mp4,REAL
143.mp4,FAKE
144.mp4,FAKE
521.mp4,FAKE
145.mp4,REAL
146.mp4,FAKE
cdaxixbosp.mp4,FAKE
147.mp4,FAKE
cdphtzqrvp.mp4,FAKE
522.mp4,FAKE
149.mp4,FAKE
150.mp4,FAKE
151.mp4,FAKE
152.mp4,FAKE
153.mp4,FAKE
154.mp4,REAL
524.mp4,FAKE
155.mp4,FAKE
156.mp4,FAKE
525.mp4,REAL
157.mp4,REAL
526.mp4,FAKE
527.mp4,REAL
158.mp4,REAL
528.mp4,FAKE
529.mp4,REAL
160.mp4,REAL
cknyxaqouy.mp4,FAKE
161.mp4,FAKE
clihsshdkq.mp4,FAKE
530.mp4,REAL
531.mp4,REAL
532.mp4,FAKE
533.mp4,FAKE
162.mp4,FAKE
163.mp4,REAL
166.mp4,FAKE
167.mp4,REAL
536.mp4,REAL
168.mp4,REAL
169.mp4,FAKE
170.mp4,FAKE
537.mp4,FAKE
172.mp4,REAL
173.mp4,FAKE
174.mp4,FAKE
539.mp4,FAKE
ctpqeykqdp.mp4,FAKE
175.mp4,FAKE
ctzmavwror.mp4,FAKE
176.mp4,FAKE
177.mp4,FAKE
178.mp4,FAKE
179.mp4,FAKE
540.mp4,FAKE
180.mp4,FAKE
181.mp4,FAKE
182.mp4,FAKE
541.mp4,FAKE
183.mp4,FAKE
184.mp4,FAKE
185.mp4,FAKE
543.mp4,FAKE
186.mp4,FAKE
cyxlcuyznd.mp4,REAL
188.mp4,FAKE
544.mp4,FAKE
189.mp4,FAKE
dafhtipaml.mp4,FAKE
545.mp4,REAL
190.mp4,FAKE
191.mp4,FAKE
192.mp4,FAKE
546.mp4,REAL
193.mp4,FAKE
194.mp4,REAL
547.mp4,FAKE
195.mp4,FAKE
dcamvmuors.mp4,FAKE
197.mp4,FAKE
198.mp4,REAL
548.mp4,FAKE
549.mp4,FAKE
ddpvuimigj.mp4,FAKE
199.mp4,FAKE
200.mp4,FAKE
201.mp4,FAKE
202.mp4,FAKE
203.mp4,FAKE
551.mp4,FAKE
204.mp4,FAKE
552.mp4,FAKE
553.mp4,REAL
205.mp4,FAKE
206.mp4,FAKE
207.mp4,FAKE
208.mp4,FAKE
209.mp4,FAKE
dhxctgyoqj.mp4,REAL
diomeixhrg.mp4,FAKE
554.mp4,FAKE
555.mp4,FAKE
211.mp4,FAKE
212.mp4,FAKE
djvutyvaio.mp4,FAKE
213.mp4,REAL
214.mp4,FAKE
215.mp4,FAKE
556.mp4,FAKE
216.mp4,REAL
218.mp4,FAKE
219.mp4,REAL
557.mp4,REAL
220.mp4,FAKE
222.mp4,FAKE
223.mp4,FAKE
224.mp4,FAKE
225.mp4,FAKE
226.mp4,FAKE
dofusvhnib.mp4,FAKE
228.mp4,FAKE
229.mp4,FAKE
561.mp4,FAKE
230.mp4,FAKE
231.mp4,FAKE
232.mp4,FAKE
233.mp4,FAKE
562.mp4,FAKE
234.mp4,REAL
235.mp4,FAKE
563.mp4,FAKE
236.mp4,FAKE
237.mp4,FAKE
238.mp4,FAKE
dsjbknkujw.mp4,REAL
239.mp4,FAKE
241.mp4,FAKE
dtocdfbwca.mp4,FAKE
242.mp4,FAKE
564.mp4,FAKE
243.mp4,FAKE
244.mp4,REAL
245.mp4,FAKE
246.mp4,FAKE
248.mp4,FAKE
dwediigjit.mp4,FAKE
249.mp4,REAL
566.mp4,FAKE
251.mp4,FAKE
252.mp4,FAKE
253.mp4,FAKE
254.mp4,FAKE
568.mp4,FAKE
255.mp4,REAL
256.mp4,FAKE
257.mp4,FAKE
569.mp4,FAKE
258.mp4,FAKE
ebeknhudxq.mp4,FAKE
259.mp4,FAKE
260.mp4,FAKE
261.mp4,REAL
262.mp4,FAKE
263.mp4,REAL
265.mp4,FAKE
266.mp4,FAKE
267.mp4,FAKE
268.mp4,REAL
570.mp4,FAKE
571.mp4,FAKE
269.mp4,FAKE
572.mp4,FAKE
573.mp4,FAKE
eeyhxisdfh.mp4,FAKE
270.mp4,FAKE
efwfxwwlbw.mp4,REAL
egbbcxcuqy.mp4,FAKE
271.mp4,REAL
272.mp4,REAL
273.mp4,FAKE
274.mp4,REAL
275.mp4,FAKE
276.mp4,FAKE
277.mp4,FAKE
278.mp4,FAKE
279.mp4,REAL
574.mp4,FAKE
280.mp4,FAKE
575.mp4,FAKE
576.mp4,FAKE
ejkqesyvam.mp4,FAKE
282.mp4,REAL
283.mp4,FAKE
284.mp4,FAKE
elginszwtk.mp4,FAKE
578.mp4,REAL
287.mp4,FAKE
288.mp4,FAKE
289.mp4,FAKE
290.mp4,FAKE
579.mp4,FAKE
291.mp4,FAKE
580.mp4,FAKE
581.mp4,FAKE
582.mp4,FAKE
583.mp4,REAL
294.mp4,FAKE
584.mp4,REAL
295.mp4,FAKE
296.mp4,FAKE
esckbnkkvb.mp4,FAKE
298.mp4,FAKE
300.mp4,FAKE
301.mp4,FAKE
302.mp4,FAKE
303.mp4,FAKE
304.mp4,FAKE
585.mp4,FAKE
305.mp4,FAKE
586.mp4,FAKE
306.mp4,REAL
587.mp4,FAKE
aassnaulhq.mp4,FAKE
2.mp4,REAL
4.mp4,FAKE
6.mp4,REAL
16.mp4,FAKE
17.mp4,REAL
21.mp4,FAKE
28.mp4,FAKE
33.mp4,FAKE
35.mp4,REAL
37.mp4,REAL
aqrsylrzgi.mp4,FAKE
axfhbpkdlc.mp4,FAKE
62.mp4,REAL
67.mp4,REAL
498.mp4,FAKE
74.mp4,FAKE
77.mp4,REAL
502.mp4,REAL
503.mp4,FAKE
91.mp4,REAL
93.mp4,FAKE
94.mp4,REAL
97.mp4,REAL
504.mp4,REAL
508.mp4,REAL
509.mp4,FAKE
512.mp4,REAL
130.mp4,REAL
131.mp4,FAKE
520.mp4,FAKE
523.mp4,REAL
148.mp4,FAKE
159.mp4,FAKE
534.mp4,REAL
535.mp4,FAKE
164.mp4,FAKE
165.mp4,REAL
coujjnypba.mp4,UNKNOWN
cqhwesrciw.mp4,UNKNOWN
171.mp4,REAL
538.mp4,FAKE
542.mp4,REAL
187.mp4,REAL
196.mp4,FAKE
550.mp4,REAL
demuhxssgl.mp4,UNKNOWN
210.mp4,REAL
217.mp4,FAKE
221.mp4,REAL
dnmowthjcj.mp4,REAL
227.mp4,REAL
558.mp4,FAKE
559.mp4,REAL
560.mp4,REAL
240.mp4,REAL
dtozwcapoa.mp4,REAL
247.mp4,FAKE
dvtpwatuja.mp4,REAL
dvwpvqdflx.mp4,REAL
565.mp4,REAL
250.mp4,REAL
dyjklprkoc.mp4,UNKNOWN
dzkyxbbqkr.mp4,REAL
567.mp4,REAL
264.mp4,FAKE
eisofhptvk.mp4,UNKNOWN
281.mp4,FAKE
577.mp4,REAL
285.mp4,REAL
286.mp4,REAL
292.mp4,REAL
293.mp4,FAKE
297.mp4,FAKE
esjdyghhog.mp4,UNKNOWN
299.mp4,FAKE
espkiocpxq.mp4,UNKNOWN
etdliwticv.mp4,UNKNOWN
588.mp4,REAL
589.mp4,REAL
307.mp4,FAKE
308.mp4,FAKE
309.mp4,FAKE
fjrueenjyp.mp4,UNKNOWN
fjxovgmwnm.mp4,REAL
310.mp4,REAL
311.mp4,FAKE
312.mp4,REAL
313.mp4,FAKE
314.mp4,REAL
315.mp4,REAL
316.mp4,FAKE
317.mp4,REAL
fsdrwikhge.mp4,UNKNOWN
590.mp4,REAL
fxuxxtryjn.mp4,UNKNOWN
591.mp4,REAL
318.mp4,REAL
319.mp4,FAKE
gccnvdoknm.mp4,UNKNOWN
gcdtglsoqj.mp4,UNKNOWN
gfcycflhbo.mp4,UNKNOWN
gfdjzwnpyp.mp4,UNKNOWN
320.mp4,REAL
ggdpclfcgk.mp4,FAKE
ggzjfrirjh.mp4,REAL
ghnpsltzyn.mp4,FAKE
592.mp4,FAKE
321.mp4,REAL
593.mp4,REAL
gqnaxievjx.mp4,UNKNOWN
gunamloolc.mp4,UNKNOWN
322.mp4,FAKE
hbufmvbium.mp4,REAL
hcanfkwivl.mp4,UNKNOWN
hclsparpth.mp4,UNKNOWN
hefisnapds.mp4,UNKNOWN
323.mp4,REAL
hevcclcklc.mp4,REAL
324.mp4,FAKE
hicjuubiau.mp4,REAL
594.mp4,REAL
hitfycdavv.mp4,UNKNOWN
325.mp4,FAKE
595.mp4,FAKE
hqzwudvhih.mp4,UNKNOWN
hsbljbsgxr.mp4,UNKNOWN
hsbwhlolsn.mp4,REAL
596.mp4,REAL
htzbnroagi.mp4,REAL
huvlwkxoxm.mp4,FAKE
326.mp4,FAKE
hxwtsaydal.mp4,FAKE
hyjqolupxn.mp4,UNKNOWN
327.mp4,FAKE
328.mp4,FAKE
597.mp4,FAKE
598.mp4,FAKE
599.mp4,REAL
329.mp4,REAL
330.mp4,REAL
331.mp4,REAL
imdmhwkkni.mp4,FAKE
600.mp4,REAL
601.mp4,FAKE
332.mp4,FAKE
602.mp4,REAL
itfsvvmslp.mp4,UNKNOWN
iznnzjvaxc.mp4,FAKE
603.mp4,REAL
jhczqfefgw.mp4,UNKNOWN
333.mp4,REAL
334.mp4,REAL
jquevmhdvc.mp4,UNKNOWN
jsbpkpxwew.mp4,UNKNOWN
335.mp4,FAKE
604.mp4,REAL
336.mp4,REAL
337.mp4,REAL
605.mp4,REAL
338.mp4,FAKE
339.mp4,REAL
kezwvsxxzj.mp4,REAL
340.mp4,FAKE
kmcdjxmnoa.mp4,UNKNOWN
606.mp4,FAKE
knxltsvzyu.mp4,REAL
341.mp4,FAKE
342.mp4,REAL
343.mp4,REAL
344.mp4,REAL
lbfqksftuo.mp4,UNKNOWN
lbigytrrtr.mp4,REAL
lebzjtusnr.mp4,UNKNOWN
345.mp4,FAKE
346.mp4,REAL
ljouzjaqqe.mp4,REAL
347.mp4,REAL
lmdyicksrv.mp4,UNKNOWN
348.mp4,REAL
349.mp4,REAL
350.mp4,REAL
351.mp4,FAKE
352.mp4,REAL
lyoslorecs.mp4,FAKE
mdfndlljvt.mp4,UNKNOWN
353.mp4,REAL
354.mp4,REAL
355.mp4,FAKE
356.mp4,FAKE
mnzabbkpmt.mp4,REAL
607.mp4,REAL
mszblrdprw.mp4,UNKNOWN
357.mp4,REAL
358.mp4,REAL
359.mp4,FAKE
360.mp4,REAL
361.mp4,REAL
ncoeewrdlo.mp4,UNKNOWN
608.mp4,FAKE
362.mp4,FAKE
363.mp4,FAKE
364.mp4,FAKE
365.mp4,REAL
366.mp4,FAKE
367.mp4,REAL
nthpnwylxo.mp4,REAL
nwvloufjty.mp4,UNKNOWN
609.mp4,REAL
610.mp4,FAKE
368.mp4,REAL
nxzgekegsp.mp4,UNKNOWN
369.mp4,REAL
370.mp4,REAL
oaguiggjyv.mp4,REAL
371.mp4,REAL
611.mp4,REAL
372.mp4,FAKE
ojsxxkalat.mp4,UNKNOWN
373.mp4,FAKE
374.mp4,REAL
612.mp4,REAL
375.mp4,REAL
376.mp4,REAL
opvqdabdap.mp4,UNKNOWN
orekjthsef.mp4,FAKE
orixbcfvdz.mp4,UNKNOWN
377.mp4,REAL
613.mp4,FAKE
oyqgwjdwaj.mp4,UNKNOWN
378.mp4,FAKE
379.mp4,REAL
380.mp4,REAL
381.mp4,FAKE
382.mp4,REAL
383.mp4,REAL
petmyhjclt.mp4,UNKNOWN
384.mp4,REAL
385.mp4,REAL
386.mp4,FAKE
prhmixykhr.mp4,UNKNOWN
387.mp4,REAL
388.mp4,REAL
614.mp4,FAKE
389.mp4,FAKE
390.mp4,REAL
391.mp4,REAL
392.mp4,REAL
393.mp4,FAKE
394.mp4,REAL
qdqdsaiitt.mp4,UNKNOWN
qhkzlnzruj.mp4,REAL
qhsehzgxqj.mp4,UNKNOWN
615.mp4,FAKE
395.mp4,FAKE
396.mp4,REAL
616.mp4,REAL
397.mp4,FAKE
617.mp4,REAL
398.mp4,FAKE
qyyhuvqmyf.mp4,UNKNOWN
rcecrgeotc.mp4,UNKNOWN
399.mp4,FAKE
400.mp4,FAKE
rfjuhbnlro.mp4,UNKNOWN
618.mp4,FAKE
401.mp4,FAKE
402.mp4,REAL
rmlzgerevr.mp4,REAL
403.mp4,REAL
404.mp4,FAKE
619.mp4,FAKE
rtpbawlmxr.mp4,UNKNOWN
405.mp4,REAL
620.mp4,REAL
406.mp4,FAKE
407.mp4,REAL
408.mp4,FAKE
621.mp4,FAKE
scrbqgpvzz.mp4,UNKNOWN
409.mp4,REAL
shnsajrsow.mp4,UNKNOWN
siebfpwuhu.mp4,REAL
622.mp4,FAKE
623.mp4,FAKE
sjwywglgym.mp4,UNKNOWN
410.mp4,FAKE
411.mp4,FAKE
snlyjbnpgw.mp4,UNKNOWN
412.mp4,REAL
413.mp4,FAKE
414.mp4,REAL
sufvvwmbha.mp4,UNKNOWN
swsaoktwgi.mp4,UNKNOWN
sylnrepacf.mp4,UNKNOWN
syuxttuyhm.mp4,UNKNOWN
415.mp4,REAL
624.mp4,REAL
625.mp4,REAL
temeqbmzxu.mp4,UNKNOWN
temjefwaas.mp4,UNKNOWN
416.mp4,REAL
417.mp4,FAKE
tjywwgftmv.mp4,UNKNOWN
toinozytsp.mp4,UNKNOWN
tvhjcfnqtg.mp4,UNKNOWN
txmnoyiyte.mp4,UNKNOWN
418.mp4,REAL
419.mp4,REAL
420.mp4,FAKE
421.mp4,REAL
udxqbhgvvx.mp4,UNKNOWN
uhakqelqri.mp4,UNKNOWN
422.mp4,REAL
423.mp4,FAKE
424.mp4,REAL
425.mp4,FAKE
usqqvxcjmg.mp4,UNKNOWN
426.mp4,FAKE
626.mp4,REAL
627.mp4,REAL
628.mp4,REAL
vbcgoyxsvn.mp4,UNKNOWN
vdtsbqidjb.mp4,UNKNOWN
629.mp4,FAKE
427.mp4,REAL
630.mp4,REAL
428.mp4,FAKE
631.mp4,REAL
632.mp4,REAL
voawxrmqyl.mp4,UNKNOWN
633.mp4,REAL
429.mp4,REAL
vtunvalyji.mp4,REAL
vurjckblge.mp4,UNKNOWN
430.mp4,REAL
431.mp4,FAKE
634.mp4,REAL
432.mp4,REAL
wclvkepakb.mp4,REAL
635.mp4,REAL
wcssbghcpc.mp4,UNKNOWN
433.mp4,FAKE
636.mp4,REAL
wixbuuzygv.mp4,REAL
434.mp4,REAL
435.mp4,REAL
637.mp4,FAKE
wnlubukrki.mp4,UNKNOWN
436.mp4,REAL
437.mp4,FAKE
438.mp4,REAL
439.mp4,REAL
440.mp4,REAL
xhtppuyqdr.mp4,UNKNOWN
638.mp4,FAKE
639.mp4,FAKE
441.mp4,FAKE
442.mp4,REAL
443.mp4,FAKE
444.mp4,FAKE
445.mp4,REAL
446.mp4,REAL
447.mp4,FAKE
448.mp4,FAKE
640.mp4,REAL
449.mp4,REAL
450.mp4,REAL
451.mp4,REAL
452.mp4,REAL
453.mp4,REAL
yllztsrwjw.mp4,UNKNOWN
454.mp4,REAL
455.mp4,FAKE
641.mp4,REAL
456.mp4,FAKE
457.mp4,REAL
458.mp4,REAL
459.mp4,FAKE
460.mp4,FAKE
461.mp4,REAL
462.mp4,REAL
463.mp4,FAKE
yxirnfyijn.mp4,UNKNOWN
yxvmusxvcz.mp4,UNKNOWN
yzuestxcbq.mp4,UNKNOWN
464.mp4,REAL
465.mp4,FAKE
466.mp4,REAL
467.mp4,REAL
468.mp4,FAKE
469.mp4,FAKE
642.mp4,REAL
470.mp4,REAL
471.mp4,REAL
472.mp4,REAL
473.mp4,REAL
474.mp4,REAL
643.mp4,FAKE
644.mp4,REAL
